วํัวไํ,ใึัวศํ,สวั,ฺวฯํ
วํัวไํ,ใึัวศํ,สวั,ๆ
วํัวไํ,ใึัวศํ,ศใ สวั,
วํัวไํ,ใึัวศํ,ำๅ สวั,
วํัวไํ,ใึัวศํ,ำๅ สวั,วำๅ ๆ
วํัวไํ,ใึัวศํ,ำๅ สวั,วำๅ ศาั
วํัวไํ,ใึัวศํ,ำๅ สวั,วศัํิใ
วํัวไํ,ใึัวศํ,ำๅ สวั,ๆำสํ
วํัวไํ,ใึัวศํ,ิๆัวไํา,
วํัวไํ,ใึัวศํ,ำไสๆั,
วํัวไํ,ใึัวศํ,ำไสๆั,ำแ ๆ
วํัวไํ,ใึัวศํ,ำไสๆั,แว ๆ
วํัวไํ,ใึัวศํ,ำไสๆั,ํวาฯๅ ฮั
วํัวไํ,ใึัวศํ,ำไสๆั,ๅวัฯๅ ฮั
วํัวไํ,ใึัวศํ,ำไสๆั ศวำ,
วํัวไํ,ใึัวศํ,ำไสๆั ัๆใวสํ,
วํัวไํ,ยัิๅวํ,ใวไๅ,
วํัวไํ,ยัิๅวํ,ใวไๅ ยแสๆ,
วํัวไํ,ยัิๅวํ,ํ,
วํัวไํ,ยัิๅวํ,ํ ศวำ,
วํัวไํ,ใึัวศํ,ฺๆฯ,
วํัวไํ,ใึัวศํ,ศัศุ,
วํัวไํ,ใึัวศํ,สไศๆั,
วํัวไํ,ใึัวศํ,ศวแวใว/ฯํๆวไ,
วํัวไํ,ใึัวศํ,ัศวศ,
วํัวไํ,ใึัวศํ,วไๆไ,
วํัวไํ,ศวฯํ,ไํ,
วํัวไํ,ๆศๅวํ,สใศ,ศาั
วํัวไํ,ๆศๅวํ,สใศ,ๆ
วํัวไํ,ๆศๅวํ,ฯ,ๆำสํ
วํัวไํ,ๆศๅวํ,ฯ,สแํ
วํัวไํ,ๆศๅวํ,ๆาๅ,
วํัวไํ,ๆศๅวํ,ฯวํัๅ,
วํัวไํ,ๆศๅวํ,ไวัๅ,
วํัวไํ,ใึัวศํ,ฯๆสวั,
วํัวไํ,ๆศๅวํ,ฯำัๆสไ,
ัศํ,วแสัํ,ๆํๆแไ,
ัศํ,ยัิๅวํ,ๆํๆแไ,
ัศํ,ยัิๅวํ,ๆํๆแไ ยแสๆ/ๆํๆแว,
ัศํ,ยัิๅวํ,แๆ/ๆํๆแไ ำแ,
ัศํ,ยัิๅวํ,วไสั ศวำ,
ัศํ,ศวฯํ,แๆส,
ัศํ,ศวฯํ,แๆส,ํๆแๆ
ัศํ,ศวฯํ,แวัํไส,
ัศํ,ศวฯํ,แวัํไส,ศวำ
ัศํ,ศวฯํ,วศๆว,
ัศํ,ศวฯํ,ๆัวไแๅ,
ัศํ,ศวฯํ,วๆส,
ัศํ,ศวฯํ,วๆส,ไสัวๆส
ัศํ,ศวฯํ,ำวำๆไ,
ัศํ,ศวฯํ,สัๆใส,
ัศํ,ศวฯํ,ๅๆัไ,
ัศํ,ศวฯํ,สัๆใศๆไ,
ัศํ,ศวฯํ,สๆศว,
ัศํ,ๆศๅวํ,ุศแ,
ัศํ,ๆศๅวํ,ำไฬ,
ัศํ,ๆศๅวํ,ใหแห,
ัศํ,ๆศๅวํ,สํใวไํ,
ัศํ,ๆศๅวํ,ำํแๆๆไ,
ัศํ,ใึัวศํ,ํวไๆ,ัไฯ
ัศํ,ใึัวศํ,ํวไๆ,ศ๖ํศํ ัไฯ
ัศํ,ใึัวศํ,ํวไๆ,ฯํๆวัํ
ัศํ,ใึัวศํ,ๅวั,
ัศํ,ใึัวศํ,ํสวั,ยๆำสํ
ัศํ,ใึัวศํ,ํสวั,วแสัๆยๆำสํ
ัศํ,วแสัํ,ํสวั วแสัํ,ฺวฯํ
ัศํ,วแสัํ,ํสวั วแสัํ,ศวำ
